/*
 Navicat Premium Data Transfer

 Source Server         : localhost
 Source Server Type    : MySQL
 Source Server Version : 80027
 Source Host           : localhost
 Source Database       : xinhua_library

 Target Server Type    : MySQL
 Target Server Version : 80027
 File Encoding         : utf-8

 Date: 04/13/2022 18:19:40 PM
*/

SET FOREIGN_KEY_CHECKS = 0;

-- ----------------------------
--  Table structure for `administrator`
-- ----------------------------
DROP TABLE IF EXISTS `administrator`;
CREATE TABLE `administrator` (
  `admin_username` varchar(50) CHARACTER SET utf8 COLLATE utf8_general_ci NOT NULL,
  `admin_password` varchar(50) CHARACTER SET utf8 COLLATE utf8_general_ci NOT NULL,
  `admin_name` varchar(50) CHARACTER SET utf8 COLLATE utf8_general_ci NOT NULL,
  `admin_sex` varchar(50) CHARACTER SET utf8 COLLATE utf8_general_ci NOT NULL,
  `admin_tel` char(11) CHARACTER SET utf8 COLLATE utf8_general_ci NOT NULL,
  PRIMARY KEY (`admin_username`) USING BTREE
) ENGINE=InnoDB DEFAULT CHARSET=utf8mb3 ROW_FORMAT=COMPACT;

-- ----------------------------
--  Records of `administrator`
-- ----------------------------
BEGIN;
INSERT INTO `administrator` VALUES ('root', '123456', 'root', '1', '123456');
COMMIT;

-- ----------------------------
--  Table structure for `bookdb`
-- ----------------------------
DROP TABLE IF EXISTS `bookdb`;
CREATE TABLE `bookdb` (
  `book_id` varchar(255) CHARACTER SET utf8 COLLATE utf8_general_ci NOT NULL,
  `book_name` varchar(255) CHARACTER SET utf8 COLLATE utf8_general_ci NOT NULL,
  `book_author` varchar(255) CHARACTER SET utf8 COLLATE utf8_general_ci NOT NULL,
  `book_press` varchar(255) CHARACTER SET utf8 COLLATE utf8_general_ci NOT NULL,
  `book_category` varchar(255) CHARACTER SET utf8 COLLATE utf8_general_ci NOT NULL,
  `filename` varchar(255) CHARACTER SET utf8 COLLATE utf8_general_ci DEFAULT NULL,
  `path` varchar(255) CHARACTER SET utf8 COLLATE utf8_general_ci DEFAULT NULL,
  `book_desc` varchar(2555) CHARACTER SET utf8 COLLATE utf8_general_ci NOT NULL,
  `book_price` double(10,0) NOT NULL,
  `book_kunumber` int NOT NULL,
  `book_xiaonumber` int NOT NULL,
  PRIMARY KEY (`book_id`) USING BTREE,
  KEY `bookdb_ibfk_1` (`book_category`) USING BTREE,
  CONSTRAINT `bookdb_ibfk_1` FOREIGN KEY (`book_category`) REFERENCES `category` (`category_id`) ON DELETE RESTRICT ON UPDATE RESTRICT
) ENGINE=InnoDB DEFAULT CHARSET=utf8mb3 ROW_FORMAT=COMPACT;

-- ----------------------------
--  Records of `bookdb`
-- ----------------------------
BEGIN;
INSERT INTO `bookdb` VALUES ('00c4a9a7-4ba3-483f-90e2-47b668ace32e', '????Java???', '???', '???????', '5c7cafa0-ea54-4dae-ad56-be1569ee450d', '2b43014d-3f86-45fb-849c-fb55f317f345.jpg', '2022-03-11', '     ?????Java???:JVM???????????????????Java???????????????Java?????????????????????????????????????????????Java???????????????????????Java???????????????????????????????????Java???????????????????????????????????????????', '37', '97', '2'), ('05b995a4-d82d-4b41-845b-f7f915717671', '???????·?????', '??', '???????', '9280329c-75a9-44df-b07d-93aec7fc9c51', 'a51fb800-b6cf-4ca5-81df-9592d4fe924f.jpg', '2022-03-11', '     ????????·??????????????????????????????????????????????????????????????????????????????????????????????????????????????????????', '22', '99', '0'), ('0610da19-e67e-430b-b7e9-a7673d04eea1', '????99?', '[?]??·??', '??????????', '038be785-47fe-479d-883a-356b028eca9f', '5fae428b-4583-4074-825c-220c61ef11f0.jpg', '2022-03-11', '     ???????????????????????????????????????????????99??????????????????99??????????????????????99?????????????\r\n     ????????????????????????????????????????????????????????????????20???????', '43', '97', '2'), ('0f81692e-03ce-4008-9a9c-b6a3ebeefc20', '?????', '??', '?????', '038be785-47fe-479d-883a-356b028eca9f', 'e68d296f-13fb-4edd-a93d-453c1ab28479.jpg', '2022-03-11', '     ???????????????????????618?~907????????????????????????????????????????????\r\n     ?????????????·????????????????????????????????????????????????????????????????77???????????????38?????29?????27??????22??', '45', '99', '0'), ('15a929cb-1240-47cc-aa31-3dc70c343f38', '??????????', '????????', '????????', '5c7cafa0-ea54-4dae-ad56-be1569ee450d', '13e2c8a6-0257-4f08-9856-283fd5e23e86.jpg', '2022-03-11', '     ???????????????????????????????????????2018?3?20??????????????????', '45', '98', '1'), ('170f4a30-7a4f-4a94-9977-24af87ec0ce0', '??????????', '???', '?????', '9280329c-75a9-44df-b07d-93aec7fc9c51', 'ca67fa72-2dbb-48b1-a1cd-2b23aca4cfc1.jpg', '2022-03-11', '     ???????????????????????????????????????????????????????????????????????????????\r\n     ??????????????????????????????????????????????????????', '21', '99', '0'), ('1da6042a-2d3d-4497-b590-85378eb739e0', '????', '???', '?????????', '65b40a0f-4aba-4868-99c3-995b44aa2727', '348299e9-48aa-4ac8-a30f-e12cf94a4156.jpg', '2022-03-11', '???????????????? [1]  ????????????????????????????????????[?]??·???\r\n????????????????????? [1]  ????????????????????????????????????????????????????????????????????????????????????????????????', '54', '97', '2'), ('1e43259b-3f4c-4b98-91d4-b552faf10c80', '????????', '???', '??????', 'b4ccc26f-44d7-49ee-ae03-09d2a1ce24b8', 'cf582ffe-4b14-4210-b4c6-73b711c6433c.jpg', '2022-03-11', '??????????????????????????????????????????????????????????????????????????????????????????????????', '34', '88', '0'), ('22785f99-b443-4f45-b6a1-84c42298f629', '????????', '???', '?????', '560e79d6-e5a5-47a3-ae1a-f4f685b08026', '114d0955-cf6a-4abb-a6e5-e012067157be.jpg', '2022-03-11', '??????????????????????????????????????????????????????????????????????????????????????????????????????????????????', '45', '23', '0'), ('33ca09f3-9e78-4b7b-82f7-c69b56efc479', '???????', '???', '?????', '560e79d6-e5a5-47a3-ae1a-f4f685b08026', '3b55042a-62f1-440d-a6ca-0203b8ebed12.jpg', '2022-03-11', '???????????????????????\r\n???????????????????????????????????????????\r\n????????????????????????????????????? ????????????????·???????·???????????????????????????????????????????????????????????????????????????????????????????????????????????????????????????????\r\n??????????????????????????????????????????????????????????????????????????????????\r\n???????????????????????·????????????????????????????????????????????????????????????????????????????', '43', '99', '0'), ('34f2fd72-f317-4833-91ca-df20f1ac890a', '????????', '??????', '???????', '560e79d6-e5a5-47a3-ae1a-f4f685b08026', '1032ae9d-7ad6-4825-b502-1d1d347f9a41.jpg', '2022-03-11', '??????????????????????????????????????????????????????????????????????25????????????????????????????????????????????????????????????????????????????????????????????????????????????????????????????????????????', '43', '45', '0'), ('40468d53-3b1d-447d-aa63-114accea254d', '????', '??', '?????', '038be785-47fe-479d-883a-356b028eca9f', 'c23a20d3-0189-4d30-ae1c-d965dd3b0bfb.jpg', '2022-03-11', '     ??????????????????????????????????????????????????????????????????????????????????????????????????????????????????????????????????????????????????????????????????????????????????????????????????????????????????????????????????????????????????????????????????????????????????????????????????????????????????????????????????????????????', '16', '98', '1'), ('44531d63-0d95-4259-99a6-53a466a64fda', '????', '??????', '???????', '9280329c-75a9-44df-b07d-93aec7fc9c51', 'b175c0ed-c500-4fb3-b0a5-d63a46776d25.jpg', '2022-03-11', '     ?????? ????????? ?2007?????????????????????????????????????????????????????????????????????????????', '43', '98', '1'), ('4b98211b-95ce-4d31-8661-ce31d4e42bd6', 'C++ Primer Plus', '[?]Stephen Prata???? ????', '???????', '5c7cafa0-ea54-4dae-ad56-be1569ee450d', 'fe0ef3da-e0b1-4fa7-a5bc-35f912b16c4a.jpg', '2022-03-11', '     C++??C??????????????????OOP?????????????????????????????2003??ISO/ANSI C++??????????????????????????C++?????????\r\n     ???17??10?????????C++??????????????????????????????????????????????????????????????????????????????????????????????????????string??????????/??????', '63', '99', '0'), ('4e80098e-ea80-4468-b7be-ac9d14c61c0a', '????', '??????·??·??', '???????', '65b40a0f-4aba-4868-99c3-995b44aa2727', '54f17613-342c-4151-8984-b4507af74482.jpg', '2022-03-11', '     ????????????????·??·???????????????1988??\r\n     ???????????????????????????????????????????????????????????????????????????????????????????????????????????????????????????\r\n     ?????????????????????????????????????????????????????????????????????????????????????????????', '34', '99', '0'), ('5062d3cd-e4de-4cbc-9cbd-ac01f0ebe3a6', '?????', '???', '???????', '560e79d6-e5a5-47a3-ae1a-f4f685b08026', '817e2862-ff01-4dcc-b956-b3071e5613c8.jpg', '2022-03-11', '????????2008?3???????????????', '24', '45', '0'), ('509b2175-7e5a-4c02-8776-2df3835021fa', '???', '?????·??', '?????', 'b4ccc26f-44d7-49ee-ae03-09d2a1ce24b8', '92aae2c1-317e-4ae0-990f-0f8d05edc9b7.jpg', '2022-03-11', '????????????????????????????????????????????????????????????????????????????????????????????????????????????????????????????????????????', '54', '74', '2'), ('511c3e2c-2afe-442b-8051-4302ce654bcf', '?????', '???·??', '?????', '038be785-47fe-479d-883a-356b028eca9f', '809d350c-4fed-44e7-8f9a-ceea5232e6fc.jpg', '2022-03-11', '     ???????????????·?????????????????????????????????????????????????????????????????????\r\n     ??????????20??????????????????1991?????????????1996??????????????', '24', '99', '0'), ('526b7fec-7e5b-4c76-bc00-aa9593a3d703', '????', '??·???/???·???', '???????', 'b4ccc26f-44d7-49ee-ae03-09d2a1ce24b8', 'd8f4be12-56ba-4dde-bf8e-b053e908b948.jpg', '2022-03-11', '??????????????????????????????????????????????????????????????????????????????????????????????????????????????????????????????????????10????25????', '76', '88', '0'), ('59c21192-0745-4e99-8272-444b288cc320', '??', '??', '???????', '038be785-47fe-479d-883a-356b028eca9f', '2bddad4c-8661-4110-9db3-424678866793.jpg', '2022-03-11', '     ?????????????????????????????????????????????????????????????\r\n     ??????15????17????????????????????????NHK??????????????????????????????????????????????????\r\n      ???????????????????????????????????????????????????????????????????????????????????????????????????????????????????????????', '24', '99', '0'), ('5b4180ae-c2ed-4093-a671-ca9704b7ea1f', '??', '???', '???', '038be785-47fe-479d-883a-356b028eca9f', '47724fda-503b-4de8-b2f8-e7bf9f887426.jpg', '2022-03-11', '?????2009?????????????????????????????????????????????????????????????????????????????????????????????', '43', '99', '0'), ('617b971b-8553-463f-8889-c37dc45cb60c', '????', '???', '???????', '9280329c-75a9-44df-b07d-93aec7fc9c51', 'dcb8c4a9-a568-4b12-9789-6838f1c0c463.jpg', '2022-03-11', '     ???????????????????????????????????????????????????????\r\n     ???????????????????????????????????????\r\n??????????????????????????????????\r\n     ??????????????????????????????????????????????????????????????????', '25', '98', '1'), ('62e16570-68ad-457d-8697-1cdcad60b9c1', '???????', '???', '???????', '9280329c-75a9-44df-b07d-93aec7fc9c51', '80a2e297-8fc6-42d0-b472-24503367204e.jpg', '2022-03-11', '     ???????????????????????????????????????????????????????????????????????????????????\r\n     ????????????????????????????????????????????????????????????????????????????????????????????????????????????????????????????????????????????\r\n     ??????????????????????????????????????????????????????????????????????????????????', '32', '99', '0'), ('63e39dce-48c6-42db-9e4d-35e26dca9ec8', '????????', '??', '???????', 'b4ccc26f-44d7-49ee-ae03-09d2a1ce24b8', '3f91cec5-adb7-41ed-9a9e-b48e13cc9749.jpg', '2022-03-11', '2012?????????????????????????????????????????????????????????????????????????????????????????????????????????????????????????????????????????????????????????????,??????????????', '76', '53', '1'), ('6a58aba9-850e-4460-bb76-6de348151a41', '????', '??·?·???/??·???', '????????', '560e79d6-e5a5-47a3-ae1a-f4f685b08026', '32fde930-9f2b-4e71-986c-dca4ebc00824.jpg', '2022-03-11', '??????????????????????????????????????????????????????????????????????????????????????????????????????*?????????????????????????????????????????????????????????*?????????????????????????', '26', '45', '0'), ('6a7f4920-37c2-4ce2-a34d-8d0c644bd1c4', '????100?', '????????', '?????', 'b4ccc26f-44d7-49ee-ae03-09d2a1ce24b8', 'e8c3d29a-fd45-4ae0-85bf-ddc754ae2928.jpg', '2022-03-11', '     ?????100??????????????????????????????????????????????????????????????????????????????????????????????????????????????????????????', '76', '99', '0'), ('6af924b5-789d-4f07-ac58-8064dc877aff', '?????', '??????????', '?????????', '9280329c-75a9-44df-b07d-93aec7fc9c51', 'cf6db13c-2756-4fb4-9fab-721c4325d3e2.jpg', '2022-03-11', '     ???????????????????????????????????????\r\n     ????????????????????????????????????????????????????????????????????????????????????????\r\n     ??????????????????????????????????????????????????????????????????????????????????\r\n     ????????????????????????????????????????????????????', '34', '99', '0'), ('7096b5a1-2357-44cb-8b4a-dd1f6c2423c6', '????', '??', '???????', '5c7cafa0-ea54-4dae-ad56-be1569ee450d', '44a8c676-4aed-4ed8-afac-e188be864a9c.jpg', '2022-03-11', '     ?????????????????????????????????????????\r\n     ????????6???1?????????????2?????Java???????3???Web??????4????????????5????JavaScript????Node.js????????????????????????????????????????????6???????????????????????????????????????????\r\n     ??????????????????????????????????????????????????????????????????????????', '65', '98', '1'), ('727e4921-f7ac-46e3-b65a-4f74875690f9', '?????', '?????', '?????', 'b4ccc26f-44d7-49ee-ae03-09d2a1ce24b8', '178ca6e7-974b-4119-9a2b-e4415abb39df.jpg', '2022-03-11', '?????????????????????????\r\n????????????????????????????????????????????????????????????????????????????????????????', '43', '45', '0'), ('8030a109-6d38-440d-a850-0b4fee5c46a5', 'MATLAB??', '???????', '???????????', '5c7cafa0-ea54-4dae-ad56-be1569ee450d', '86e0026c-1f79-45ba-937f-413f35bfd41f.jpg', '2022-03-11', '     ???MATLAB R2012a??????????MATLAB?????????????????????????????????????????MATLAB????Simulink??????????????????MATLAB????????????????GUI???????????MATLAB?Word?????Notebook???', '43', '99', '0'), ('86ee4153-b270-4ff6-9a51-11beb92c7d10', 'Java??????', '??863???????', '???????', '5c7cafa0-ea54-4dae-ad56-be1569ee450d', '524228b7-6d4c-4205-8d69-882597a4aa40.jpg', '2022-03-11', '     ?Java???????????????? 2010??????????863???????????????????????????Java???????????????????????????????????????????????Java???????????????????????28???????Java???Eclipse?????Java ?????????????????????????????????????????????????????Swing?????????I/O???????????????????????????????Swing?????Swing????Swing??????????????????????AWT?????????????????????????????????????????????????????????????????Java?????????????????', '65', '99', '0'), ('99fe3a65-234d-447e-8769-4721b122922d', '????', '??', '?????', '9280329c-75a9-44df-b07d-93aec7fc9c51', 'b06cd07f-b9b6-44d2-9393-7a3f491665f8.jpg', '2022-03-11', '     ????????????????????????????CCTV-6?????????????????????????????1911??????????????????????????????????????????????2016?8?1???CCTV-6?????????????? ?', '76', '99', '0'), ('a0b88bf1-fcd4-41bc-b953-6c72d3136da6', '?????', '???', '?????', '9280329c-75a9-44df-b07d-93aec7fc9c51', 'a7d38493-42c3-4e75-8990-0cf2f994777b.jpg', '2022-03-11', '     ??????????????????????????????????????????????????????????????????????????????????????????????????????????????????????????????????????????????????????', '28', '99', '0'), ('b351bfa4-3a84-48ea-bcd6-d1af3d62656b', '????', 'Jon Bentley', '???????', '5c7cafa0-ea54-4dae-ad56-be1569ee450d', '625ea439-9e8e-4d11-bbab-1fe4f58b5731.jpg', '2022-03-11', '     ???????????????????????????????????????????????????????????????????????????????????????????????????????????????????????????????????????????????????????????????????????????????????????????\r\n     ?????????????3???????????????????????????????????????????????????????', '32', '99', '0'), ('b67d6e15-0e01-4e85-ad8a-477e1f10e87e', '?????', '??', '?????????', '5c7cafa0-ea54-4dae-ad56-be1569ee450d', '599a71c4-ee4e-4e01-a415-78071aa24d87.jpg', '2022-03-11', '????????????????????????????', '76', '87', '1'), ('b7b65d42-746d-4729-952a-561971b76197', '?????', '?????????', '?????????', '9280329c-75a9-44df-b07d-93aec7fc9c51', '27ecf805-6e70-4a7f-a3bd-fdec90078c80.jpg', '2022-03-11', '     ????????????????????????????????????????????????????????????????????????????????????????????????????????????????????????????????????????????????????????????????????????????????????????????????????????????????????????', '43', '99', '0'), ('c650720c-a5d0-40a3-9c2a-4dbce27ed09e', '???? ????', '???', '?????????', '038be785-47fe-479d-883a-356b028eca9f', 'd39ab936-cfbd-4175-a6cb-5274da9463ec.jpg', '2022-03-11', '     ????????????????\r\n     ????????????????????????????????????????????????????????????????????????????????????????\r\n     ???????????????????????40?????????????40??????????????????????????????????????????????????????????????????????', '42', '99', '0'), ('c712a58c-977c-4b84-98d0-07161e30cbbf', '???', '??·?????', '?????', '560e79d6-e5a5-47a3-ae1a-f4f685b08026', '72870ab0-07e3-4f82-856e-578d1fdcd5f7.jpg', '2022-03-11', '??????????·????????????????????????????????????????????????????????????????????????', '22', '79', '0'), ('cbeda7a5-5c9e-42de-b1cd-c3e77f47805f', '??', 'Universe ', '?????', '65b40a0f-4aba-4868-99c3-995b44aa2727', '491ee724-0faa-4d7f-8892-81505db6f687.jpg', '2022-03-11', '     ???Universe?????????????????????????????????????????????????????????????????????????????????????????????????????????????????????????????????', '45', '99', '0'), ('dc735fc4-6c12-403a-9328-d2d57ade6edd', '????', '????', '?????', '65b40a0f-4aba-4868-99c3-995b44aa2727', 'd86dbb76-81db-40ca-b8e6-e55d1102f900.jpg', '2022-03-11', '     ?????3520????????????,????????????????????????,?????????????18???????,????????????????????????????????????????????????????', '23', '99', '0'), ('deba6945-e17e-4be5-88ac-470c372604a5', '??????', '???????', '???????', '560e79d6-e5a5-47a3-ae1a-f4f685b08026', '7523dd3c-1f36-4f73-9b59-c649eb317808.jpg', '2022-03-11', '?????????????????????????????????????????????????????????????????????????????????????????????????????????????????????????????????????????????????????????????????????????????????????????????????????????????????????????????????????????????????????????????????????', '43', '54', '0'), ('e0cc958d-c02b-422f-bf33-0c417e5d3114', '??????18?', '??', '?????????', '5c7cafa0-ea54-4dae-ad56-be1569ee450d', '1cf2847e-0255-4c99-b581-be237e243e28.jpg', '2022-03-11', '????????????18?????*??????????????????????????????18?????????????????????????????????\r\n??????????????????????????????????????????????????????????????????*???????????????????????????', '34', '99', '0'), ('e3887a4e-8a58-4df9-a9f3-1e7cf42b1713', '????', 'Ecological Economy', '?????', 'b4ccc26f-44d7-49ee-ae03-09d2a1ce24b8', '1ccf55e5-0d08-41e1-89c7-db7bfc29a537.jpg', '2022-03-11', '     ????????????????????????????????????????????????????????????????????????????????????????????????????????????????????????????????????????????????????????????', '34', '99', '0'), ('e7cac231-a60b-49c9-8361-c5cacace18ed', '??????', '???????', '?????', '560e79d6-e5a5-47a3-ae1a-f4f685b08026', '9239f350-3b58-4f04-b7d0-22a7db2898c8.jpg', '2022-03-11', '???????????????????????????????????????????????????????????????????????????????????????????????????????????????????????', '34', '88', '0'), ('efd26b6c-458b-43da-9532-71d39b91debd', '?????', '??·???', '?????', '65b40a0f-4aba-4868-99c3-995b44aa2727', '8502794d-cdff-4003-8e53-ba7bd2fc1e7e.jpg', '2022-03-11', '??????????????·????????????????????????????????????????????????????????????????????????????', '34', '88', '0'), ('f1c6fdce-9d4b-4560-96fb-9fc6eeae9410', '????????', '???', '??????????????????', 'b4ccc26f-44d7-49ee-ae03-09d2a1ce24b8', '1b641b32-9453-4200-9922-57c57d2a3c94.jpg', '2022-03-11', '??????????????????????????????????????????????????????\r\n????????????????????????????????????????????????????????????????????????????????????????????????\r\n????????????????????????????????????????????????????????????????\r\n??????????????????????????????????????????????????????????????????????????????????????????????????????????????????????????????????', '45', '99', '0'), ('f1cd0127-b310-4854-bb5c-7871d577a3fc', '????', '?????????', '?????', '9280329c-75a9-44df-b07d-93aec7fc9c51', '488050b4-ee5a-405c-a299-ebcbfa40897f.jpg', '2022-03-11', '     ???????2018?2????????????????????????????????????????????1981????????????????????????????????????????1954??1966?5? [1]  ???????????????????????????', '22', '99', '0'), ('f76cffe1-2098-42f1-99f3-0baba6cb6259', '??', '??', '???????', '038be785-47fe-479d-883a-356b028eca9f', '0ab5ad68-8998-4d7e-8bc7-0f0947de250d.jpg', '2022-03-11', '     ??????????80??????????????????????????????????????????????????????????????????????????????????????????????????????????????????????????????????????????????????????????????????????????????????????????????????????', '17', '98', '1'), ('fe45e5db-11f2-48b0-94dd-36fe4b9dc2db', '??', 'Paul Gay', '?????', '038be785-47fe-479d-883a-356b028eca9f', 'b793ac86-5c55-45fe-b8b8-85d39c93413c.jpg', '2022-03-11', '     ???SKINS????E4?????Paul Gay???????·??????·??????·??????·??????·??????·??????·??????·??????????\r\n     ??????????????????????????????????high??????', '34', '99', '0'), ('fe77e4b0-61b1-4f74-817f-493f2a182e14', 'Word?????', '??', '?????????', '5c7cafa0-ea54-4dae-ad56-be1569ee450d', '91f6671b-6b10-46f6-b729-c2eadb5835b2.jpg', '2022-03-11', '     ?Word?????????????????????????Word???????????????????????????????????????????????????????????????????????????????????????Word????????????????????????????????????????????????????????????', '34', '99', '0'), ('fec25f68-57d6-45bd-b2d5-d36a57757098', '???????', '??????·???Robert H Frank', '?????????', 'b4ccc26f-44d7-49ee-ae03-09d2a1ce24b8', '8994e487-1152-4049-91f0-5bcb167a33f2.jpg', '2022-03-11', '????????·????????????????????????????????????????????????????????????????????????????????????????????????????\r\n?????????????????????????????????????????????????????????????????????????????????????????????????????????????????????????????\r\n??????????2012.8.28???????????', '65', '45', '0');
COMMIT;

-- ----------------------------
--  Table structure for `category`
-- ----------------------------
DROP TABLE IF EXISTS `category`;
CREATE TABLE `category` (
  `category_id` varchar(255) CHARACTER SET utf8 COLLATE utf8_general_ci NOT NULL,
  `category_name` varchar(255) CHARACTER SET utf8 COLLATE utf8_general_ci NOT NULL,
  `category_desc` varchar(255) CHARACTER SET utf8 COLLATE utf8_general_ci NOT NULL,
  PRIMARY KEY (`category_id`) USING BTREE
) ENGINE=InnoDB DEFAULT CHARSET=utf8mb3 ROW_FORMAT=COMPACT;

-- ----------------------------
--  Records of `category`
-- ----------------------------
BEGIN;
INSERT INTO `category` VALUES ('038be785-47fe-479d-883a-356b028eca9f', '????', '????'), ('560e79d6-e5a5-47a3-ae1a-f4f685b08026', '????', '????'), ('5c7cafa0-ea54-4dae-ad56-be1569ee450d', '????', '????'), ('65b40a0f-4aba-4868-99c3-995b44aa2727', '????', '????'), ('9280329c-75a9-44df-b07d-93aec7fc9c51', '????', '????'), ('b4ccc26f-44d7-49ee-ae03-09d2a1ce24b8', '????', '????');
COMMIT;

-- ----------------------------
--  Table structure for `favorite`
-- ----------------------------
DROP TABLE IF EXISTS `favorite`;
CREATE TABLE `favorite` (
  `favorite_id` varchar(100) CHARACTER SET utf8 COLLATE utf8_general_ci NOT NULL,
  `user_id` varchar(100) CHARACTER SET utf8 COLLATE utf8_general_ci DEFAULT NULL,
  `book_id` varchar(255) CHARACTER SET utf8 COLLATE utf8_general_ci DEFAULT NULL,
  PRIMARY KEY (`favorite_id`) USING BTREE,
  KEY `user_id` (`user_id`) USING BTREE,
  KEY `book_id` (`book_id`) USING BTREE,
  CONSTRAINT `favorite_ibfk_1` FOREIGN KEY (`user_id`) REFERENCES `user` (`user_id`) ON DELETE RESTRICT ON UPDATE RESTRICT,
  CONSTRAINT `favorite_ibfk_2` FOREIGN KEY (`book_id`) REFERENCES `bookdb` (`book_id`) ON DELETE RESTRICT ON UPDATE RESTRICT
) ENGINE=InnoDB DEFAULT CHARSET=utf8mb3 ROW_FORMAT=COMPACT;

-- ----------------------------
--  Records of `favorite`
-- ----------------------------
BEGIN;
INSERT INTO `favorite` VALUES ('02e54484-442d-4fc9-beeb-cb3398ce4a8e', '8156d6fc-9af8-4478-82fe-11ad94feff9f', '40468d53-3b1d-447d-aa63-114accea254d'), ('23c7b2e5-45e3-4e6e-8652-f97ee4d0db45', 'c74500b5-ecea-4eae-b1f3-da0f33e2c9a5', '1da6042a-2d3d-4497-b590-85378eb739e0'), ('9ef6a5f5-1425-4eb2-849c-4285f159c422', '8156d6fc-9af8-4478-82fe-11ad94feff9f', '0610da19-e67e-430b-b7e9-a7673d04eea1'), ('e6c905d7-7b13-4461-bfc2-dd13bc60a44b', '9ea9772c-8be6-493a-878f-9aa01ca9ea5c', '44531d63-0d95-4259-99a6-53a466a64fda'), ('eb2b4b28-3faf-4390-81e9-0b703fc65147', '6af8a49b-1d86-4e73-9486-30a35952bcef', '509b2175-7e5a-4c02-8776-2df3835021fa');
COMMIT;

-- ----------------------------
--  Table structure for `orderitems`
-- ----------------------------
DROP TABLE IF EXISTS `orderitems`;
CREATE TABLE `orderitems` (
  `id` varchar(100) CHARACTER SET utf8 COLLATE utf8_general_ci NOT NULL,
  `quantity` int DEFAULT NULL,
  `price` double DEFAULT NULL,
  `book_id` varchar(100) CHARACTER SET utf8 COLLATE utf8_general_ci DEFAULT NULL,
  `ordernum` varchar(100) CHARACTER SET utf8 COLLATE utf8_general_ci DEFAULT NULL,
  PRIMARY KEY (`id`) USING BTREE,
  KEY `book_id_fk` (`book_id`) USING BTREE,
  KEY `ordernum_fk` (`ordernum`) USING BTREE,
  CONSTRAINT `book_id_fk` FOREIGN KEY (`book_id`) REFERENCES `bookdb` (`book_id`) ON DELETE RESTRICT ON UPDATE RESTRICT,
  CONSTRAINT `ordernum_fk` FOREIGN KEY (`ordernum`) REFERENCES `orders` (`ordernum`) ON DELETE RESTRICT ON UPDATE RESTRICT
) ENGINE=InnoDB DEFAULT CHARSET=utf8mb3 ROW_FORMAT=COMPACT;

-- ----------------------------
--  Records of `orderitems`
-- ----------------------------
BEGIN;
INSERT INTO `orderitems` VALUES ('2022031247138665734167', '1', '43', '0610da19-e67e-430b-b7e9-a7673d04eea1', '2022031247138664629625'), ('2022031247138665773084', '1', '16', '40468d53-3b1d-447d-aa63-114accea254d', '2022031247138664629625'), ('20220409214186994373416', '1', '43', '0610da19-e67e-430b-b7e9-a7673d04eea1', '20220409214186994164291'), ('20220410222874131042500', '1', '54', '509b2175-7e5a-4c02-8776-2df3835021fa', '20220410222874130300958'), ('20220410222893936202875', '1', '76', 'b67d6e15-0e01-4e85-ad8a-477e1f10e87e', '20220410222893936030333'), ('20220411230058118067125', '1', '54', '509b2175-7e5a-4c02-8776-2df3835021fa', '20220411230058116926791'), ('20220411239740909356375', '1', '54', '1da6042a-2d3d-4497-b590-85378eb739e0', '20220411239740908800541'), ('20220411239750369206125', '1', '45', '15a929cb-1240-47cc-aa31-3dc70c343f38', '20220411239750369087083'), ('20220411239768040260833', '1', '37', '00c4a9a7-4ba3-483f-90e2-47b668ace32e', '20220411239768040031416'), ('20220411239780802298250', '1', '76', '63e39dce-48c6-42db-9e4d-35e26dca9ec8', '20220411239780802201000'), ('20220411239799050440041', '1', '37', '00c4a9a7-4ba3-483f-90e2-47b668ace32e', '20220411239799050339916'), ('20220411239808817286708', '1', '25', '617b971b-8553-463f-8889-c37dc45cb60c', '20220411239808817225833'), ('20220413264772264601667', '10', '540', '1da6042a-2d3d-4497-b590-85378eb739e0', '20220413264772263215750'), ('20220413264772265037209', '1', '65', '7096b5a1-2357-44cb-8b4a-dd1f6c2423c6', '20220413264772263215750'), ('20220413265796243466542', '19', '323', 'f76cffe1-2098-42f1-99f3-0baba6cb6259', '20220413265796243376167'), ('20220413265796243504959', '7', '301', '44531d63-0d95-4259-99a6-53a466a64fda', '20220413265796243376167');
COMMIT;

-- ----------------------------
--  Table structure for `orders`
-- ----------------------------
DROP TABLE IF EXISTS `orders`;
CREATE TABLE `orders` (
  `ordernum` varchar(100) CHARACTER SET utf8 COLLATE utf8_general_ci NOT NULL,
  `quantity` int DEFAULT NULL,
  `money` double DEFAULT NULL,
  `time` varchar(100) CHARACTER SET utf8 COLLATE utf8_general_ci DEFAULT NULL,
  `status` int DEFAULT NULL,
  `userId` varchar(100) CHARACTER SET utf8 COLLATE utf8_general_ci DEFAULT NULL,
  PRIMARY KEY (`ordernum`) USING BTREE,
  KEY `user_Id_fk` (`userId`) USING BTREE,
  CONSTRAINT `user_Id_fk` FOREIGN KEY (`userId`) REFERENCES `user` (`user_id`) ON DELETE RESTRICT ON UPDATE RESTRICT
) ENGINE=InnoDB DEFAULT CHARSET=utf8mb3 ROW_FORMAT=COMPACT;

-- ----------------------------
--  Records of `orders`
-- ----------------------------
BEGIN;
INSERT INTO `orders` VALUES ('2022031247138664629625', '2', '59', '2022-03-12 21:15:05', '1', '8156d6fc-9af8-4478-82fe-11ad94feff9f'), ('20220409214186994164291', '1', '43', '2022-04-09 14:55:12', '0', '8156d6fc-9af8-4478-82fe-11ad94feff9f'), ('20220410222874130300958', '1', '54', '2022-04-10 12:42:17', '0', '8156d6fc-9af8-4478-82fe-11ad94feff9f'), ('20220410222893936030333', '1', '76', '2022-04-10 12:42:37', '0', '8156d6fc-9af8-4478-82fe-11ad94feff9f'), ('20220411230058116926791', '1', '54', '2022-04-11 12:00:42', '0', '6af8a49b-1d86-4e73-9486-30a35952bcef'), ('20220411239740908800541', '1', '54', '2022-04-11 16:08:41', '0', '8156d6fc-9af8-4478-82fe-11ad94feff9f'), ('20220411239750369087083', '1', '45', '2022-04-11 16:08:51', '0', '8156d6fc-9af8-4478-82fe-11ad94feff9f'), ('20220411239768040031416', '1', '37', '2022-04-11 16:09:08', '0', 'c74500b5-ecea-4eae-b1f3-da0f33e2c9a5'), ('20220411239780802201000', '1', '76', '2022-04-11 16:09:21', '0', 'c74500b5-ecea-4eae-b1f3-da0f33e2c9a5'), ('20220411239799050339916', '1', '37', '2022-04-11 16:09:39', '0', '6af8a49b-1d86-4e73-9486-30a35952bcef'), ('20220411239808817225833', '1', '25', '2022-04-11 16:09:49', '0', '6af8a49b-1d86-4e73-9486-30a35952bcef'), ('20220413264772263215750', '11', '605', '2022-04-13 14:45:14', '1', '2db89fd3-603e-4f86-92d6-188343be179d'), ('20220413265796243376167', '26', '624', '2022-04-13 15:02:18', '1', '9ea9772c-8be6-493a-878f-9aa01ca9ea5c');
COMMIT;

-- ----------------------------
--  Table structure for `user`
-- ----------------------------
DROP TABLE IF EXISTS `user`;
CREATE TABLE `user` (
  `user_id` varchar(100) CHARACTER SET utf8 COLLATE utf8_general_ci NOT NULL,
  `user_username` varchar(50) CHARACTER SET utf8 COLLATE utf8_general_ci NOT NULL,
  `user_password` varchar(50) CHARACTER SET utf8 COLLATE utf8_general_ci NOT NULL,
  `user_name` varchar(50) CHARACTER SET utf8 COLLATE utf8_general_ci NOT NULL,
  `user_sex` varchar(50) CHARACTER SET utf8 COLLATE utf8_general_ci DEFAULT NULL,
  `user_tel` char(11) CHARACTER SET utf8 COLLATE utf8_general_ci DEFAULT NULL,
  `user_address` varchar(50) CHARACTER SET utf8 COLLATE utf8_general_ci DEFAULT NULL,
  PRIMARY KEY (`user_id`) USING BTREE
) ENGINE=InnoDB DEFAULT CHARSET=utf8mb3 ROW_FORMAT=COMPACT;

-- ----------------------------
--  Records of `user`
-- ----------------------------
BEGIN;
INSERT INTO `user` VALUES ('2db89fd3-603e-4f86-92d6-188343be179d', 'wgl', 'wgl', 'wgl', '?', '13220050786', '00000000000'), ('6af8a49b-1d86-4e73-9486-30a35952bcef', 'user03', 'user03', 'user03', '?', '00000000000', '00000000000'), ('8156d6fc-9af8-4478-82fe-11ad94feff9f', 'user01', 'user01', 'user01', '?', '00000000000', '00000000000'), ('874f30d0-d9f3-4676-98fa-b3ba89e09fa9', 'test1', 'test1', 'test1', '?', '1111111111', '1111111111'), ('9ea9772c-8be6-493a-878f-9aa01ca9ea5c', 'test001', 'test001', 'test001', '?', '13220050788', '00000000000'), ('c74500b5-ecea-4eae-b1f3-da0f33e2c9a5', 'user02', 'user02', 'user02', '?', '00000000000', '00000000000'), ('d0af8a53-0e53-4ba8-a0b1-95dd77fa902c', 'test3', 'test3', 'test3', '?', '111111111', '11111');
COMMIT;

SET FOREIGN_KEY_CHECKS = 1;
